Id;Label
0;asb100.o
1;ev-layer.o
2;adt7462.o
3;generic.o
4;sata_inic162x.o
5;applicom.o
6;av7110_v4l.o
7;scx200_acb.o
8;nv84_crypt.o
9;cx8802.o
10;stv0297.o
11;k10temp.o
12;rdma_ucm.o
13;isdn_ttyfax.o
14;tpm_bios.o
15;grip_mp.o
16;wm9713.o
17;dib7000m.o
18;dm-delay.o
19;r600_cp.o
20;cx23888-ir.o
21;mISDN_core.o
22;af9005.o
23;exoparg3.o
24;dst_ca.o
25;bkm_a4t.o
26;utxfmutex.o
27;cx8800.o
28;i915.o
29;nvc0_pm.o
30;hwchannel.o
31;m5602_core.o
32;fit2.o
33;ir-rc6-decoder.o
34;cx231xx-input.o
35;daisy.o
36;edac_pci_sysfs.o
37;dsbr100.o
38;nouveau_mm.o
39;input.o
40;mga_warp.o
41;cx23885-cards.o
42;zl10039.o
43;firewire-net.o
44;mantis_vp1041.o
45;cx231xx-i2c.o
46;gspca_m5602.o
47;ac.o
48;pata_serverworks.o
49;i2c-viapro.o
50;hfcmulti.o
51;trackpoint.o
52;i2c-simtec.o
53;a800.o
54;pvrusb2-i2c-core.o
55;thermal.o
56;hid-pl.o
57;rdma_cm.o
58;tuner-simple.o
59;via.o
60;ves1x93.o
61;memory.o
62;build.o
63;rc-genius-tvgo-a11mce.o
64;ibmphp_ebda.o
65;rc-eztv.o
66;sil164_drv.o
67;ledtrig-heartbeat.o
68;nsobject.o
69;rc-apac-viewcomp.o
70;hid-topseed.o
71;mga_dma.o
72;capi.o
73;evmisc.o
74;radio-si4713.o
75;stv06xx.o
76;pcf50633-adc.o
77;ivtv-driver.o
78;radio-si470x-common.o
79;uverbs_main.o
80;drm_edid.o
81;cx231xx-alsa.o
82;dvb-usb-i2c.o
83;mantis_pci.o
84;dcdbas.o
85;hid-quirks.o
86;tda1004x.o
87;ide-cd_ioctl.o
88;isl6405.o
89;rc-pv951.o
90;exoparg1.o
91;iwcm.o
92;ttm_bo_manager.o
93;isar.o
94;dvb-usb-dibusb-mb.o
95;plat_nand.o
96;isdn_divert.o
97;hysdn_boot.o
98;radio-si470x-i2c.o
99;st5481_b.o
100;savage.o
101;e752x_edac.o
102;au8522_decoder.o
103;stk014.o
104;dsp_pipeline.o
105;c2_cq.o
106;dm-uevent.o
107;hid-kensington.o
108;shmem.o
109;fit3.o
110;hfc4s8s_l1.o
111;dvb_net.o
112;au0828-dvb.o
113;q931.o
114;nsalloc.o
115;af9005-fe.o
116;rc-avermedia-cardbus.o
117;exoparg6.o
118;nvd0_display.o
119;config.o
120;penmount.o
121;drm_info.o
122;ipoib_multicast.o
123;walkera0701.o
124;cx18-gpio.o
125;iser_verbs.o
126;tifm_7xx1.o
127;psloop.o
128;loop.o
129;rc-real-audio-220-32-keys.o
130;mtdsuper.o
131;intel_display.o
132;i2c-amd756-s4882.o
133;teles_cs.o
134;firewire-sbp2.o
135;isdnhdlc.o
136;rc-terratec-slim.o
137;bttv-i2c.o
138;f71805f.o
139;cx18-fileops.o
140;core-topology.o
141;intel_ringbuffer.o
142;maintidi.o
143;ide-floppy_proc.o
144;nv50_pm.o
145;bttv-input.o
146;dscontrol.o
147;exfldio.o
148;sis_drv.o
149;or51211.o
150;dma-coherent.o
151;ttm_bo.o
152;ch7006_mode.o
153;exstoren.o
154;c2_mm.o
155;edac_mce_amd.o
156;speedfax.o
157;exresolv.o
158;arc-rawmode.o
159;sbshc.o
160;efivars.o
161;ds3000.o
162;c2_qp.o
163;dm-table.o
164;input-compat.o
165;gspca_conex.o
166;stb6100.o
167;ide-ioctls.o
168;rc-behold-columbus.o
169;tables.o
170;ipmi_smic_sm.o
171;cx25840-vbi.o
172;nv40_grctx.o
173;mthca_reset.o
174;nouveau_bios.o
175;dme1737.o
176;cfi_cmdset_0020.o
177;pata_it821x.o
178;exmisc.o
179;core.o
180;pciehp_pci.o
181;firmware_class.o
182;ipoib_ib.o
183;rc-dm1105-nec.o
184;rc-core.o
185;it87.o
186;ledtrig-ide-disk.o
187;max6875.o
188;pswalk.o
189;saa7146_core.o
190;i2c-tiny-usb.o
191;sedlbauer_cs.o
192;cx18-ioctl.o
193;layer1.o
194;pata_sis.o
195;zhenhua.o
196;r128_state.o
197;dvb_filter.o
198;mmc.o
199;pciehp_acpi.o
200;ser_gigaset.o
201;parport.o
202;ide-cd_mod.o
203;glue.o
204;ide-pm.o
205;r600_hdmi.o
206;rc-avertv-303.o
207;gl860-mi2020.o
208;pvrusb2-context.o
209;nsnames.o
210;edac_pci.o
211;interact.o
212;rc-fusionhdtv-mce.o
213;turbografx.o
214;c2_provider.o
215;i2c-sis96x.o
216;bas_gigaset.o
217;multipath.o
218;hwgpe.o
219;w83627hf.o
220;via_dmablit.o
221;pata_sch.o
222;cx88-input.o
223;onenand_bbt.o
224;hdpvr-control.o
225;adm1025.o
226;dm-ioctl.o
227;nxt200x.o
228;drm_scatter.o
229;topology.o
230;libata-scsi.o
231;radeon_device.o
232;sms-cards.o
233;fm801-gp.o
234;layer2.o
235;cx24116.o
236;w83627ehf.o
237;ivtv-routing.o
238;i82975x_edac.o
239;l1oip.o
240;cx24113.o
241;gspca_main.o
242;cx18-scb.o
243;gspca_t613.o
244;edac_core.o
245;nsrepair2.o
246;ad7418.o
247;drbd_main.o
248;nspredef.o
249;et61x251.o
250;smssdio.o
251;cx231xx-cards.o
252;netup-init.o
253;btuart_cs.o
254;mga.o
255;eba.o
256;mthca_allocator.o
257;stv090x.o
258;rv770.o
259;core.o
260;ide-probe.o
261;cma.o
262;core.o
263;cpufreq_userspace.o
264;nv50_fbcon.o
265;pci.o
266;solos-pci.o
267;pata_artop.o
268;floppy.o
269;onenand.o
270;bcm203x.o
271;ttm.o
272;ib_core.o
273;analog.o
274;radeon.o
275;rc-tivo.o
276;hysdn_sched.o
277;built-in.o
278;rc-evga-indtube.o
279;pvrusb2-io.o
280;nouveau_drv.o
281;i2c-algo-bit.o
282;i2c-isch.o
283;stv0900_core.o
284;dvb-usb-gl861.o
285;edac_stub.o
286;built-in.o
287;via_map.o
288;sata_vsc.o
289;misc.o
290;htc-pasic3.o
291;i2c-core.o
292;i915_dma.o
293;atlas_btns.o
294;bkm_a8.o
295;um_idi.o
296;dca.o
297;avm_a1.o
298;cx25840-audio.o
299;dvb-usb-vp702x.o
300;dvb_demux.o
301;nv98_ppp.o
302;g760a.o
303;nouveau_notifier.o
304;hid-core.o
305;nswalk.o
306;cciss.o
307;i3000_edac.o
308;aoenet.o
309;bpck6.o
310;psargs.o
311;av7110_ca.o
312;touchwin.o
313;tda10021.o
314;video.o
315;nvc0_vm.o
316;nouveau.o
317;sermouse.o
318;or51132.o
319;au8522_dig.o
320;com20020_cs.o
321;ttm_memory.o
322;m5602_s5k4aa.o
323;hid-tmff.o
324;dvb-usb.o
325;firmware.o
326;i2c-i801.o
327;input-mt.o
328;mcs5000_ts.o
329;nsxfeval.o
330;tuner-xc2028.o
331;nouveau_calc.o
332;utdelete.o
333;physmap.o
334;rc-pinnacle-color.o
335;max1111.o
336;dm-snap.o
337;rc-pixelview-mk12.o
338;jeilinj.o
339;at25.o
340;generic_ops.o
341;ipmi_watchdog.o
342;via_video.o
343;hid-cypress.o
344;cxd2820r_core.o
345;exec-osm.o
346;arc-rimi.o
347;r100.o
348;amd-rng.o
349;nvc0_graph.o
350;ide-atapi.o
351;quirks.o
352;b1dma.o
353;hid-lg.o
354;mantis_i2c.o
355;gspca_vc032x.o
356;rsutils.o
357;proc.o
358;libata-eh.o
359;cx18-av-firmware.o
360;sdio_irq.o
361;pdc_adma.o
362;hid-sjoy.o
363;ucm.o
364;acpi.o
365;aiptek.o
366;cx88-mpeg.o
367;drm_fops.o
368;x38_edac.o
369;lg.o
370;saa7146_video.o
371;isocdata.o
372;enclosure.o
373;pac207.o
374;mt2060.o
375;iw_cxgb3.o
376;i5k_amb.o
377;max7359_keypad.o
378;hci_ldisc.o
379;utxface.o
380;input-polldev.o
381;btmrvl.o
382;ipoib_ethtool.o
383;alps.o
384;oprofilefs.o
385;epat.o
386;spca506.o
387;dsp_core.o
388;ttm_bo_util.o
389;lm80.o
390;cpufreq_powersave.o
391;ipmi_msghandler.o
392;stv06xx_vv6410.o
393;joydump.o
394;xc5000.o
395;rc-cinergy.o
396;mousedev.o
397;evevent.o
398;ivtv-gpio.o
399;pata_pdc202xx_old.o
400;exresop.o
401;nj_s.o
402;capmode.o
403;rc-trekstor.o
404;gspca_stv06xx.o
405;nvc0_instmem.o
406;padlock-sha.o
407;hisax.o
408;sata_nv.o
409;hid-samsung.o
410;redboot.o
411;touchright.o
412;inftlcore.o
413;i2c-nforce2.o
414;icc.o
415;gl520sm.o
416;boardergo.o
417;hid-twinhan.o
418;hfc_pci.o
419;utdebug.o
420;keyspan_remote.o
421;em28xx-audio.o
422;agpgart.o
423;sata_mv.o
424;rc-behold.o
425;mthca_mcg.o
426;nouveau_channel.o
427;radeon_benchmark.o
428;sst25l.o
429;sp887x.o
430;amd64-agp.o
431;lmgr.o
432;block2mtd.o
433;hwregs.o
434;hdpvr.o
435;rc-winfast-usbii-deluxe.o
436;ipoib_vlan.o
437;vtbl.o
438;isurf.o
439;i4l.o
440;saa7146.o
441;rc-avermedia-m135a.o
442;l3_1tr6.o
443;alauda.o
444;adcxx.o
445;gl861.o
446;wakeup.o
447;raid1.o
448;debug.o
449;adi.o
450;i2c-amd8111.o
451;sworks-agp.o
452;timerdev.o
453;atxp1.o
454;mtd_blkdevs.o
455;dvbdev.o
456;hopper_cards.o
457;built-in.o
458;nv40_graph.o
459;mntfunc.o
460;rc-kaiomy.o
461;et61x251_tas5130d1b.o
462;lp.o
463;rslist.o
464;ibmphp_res.o
465;hid-cherry.o
466;hfc_sx.o
467;pt1.o
468;nouveau_util.o
469;nva3_pm.o
470;hdpvr-core.o
471;abituguru3.o
472;radio-maxiradio.o
473;hwmon.o
474;dsp_cmx.o
475;iw_nes.o
476;tbinstal.o
477;verbs.o
478;tifm_core.o
479;saa7146_vbi.o
480;nvidia-agp.o
481;nv50_mc.o
482;mk712.o
483;au8522.o
484;exstorob.o
485;lifebook.o
486;gspca_zc3xx.o
487;ics932s401.o
488;edd.o
489;utinit.o
490;drm_crtc_helper.o
491;cx231xx.o
492;pata_ali.o
493;gspca_gl860.o
494;etoms.o
495;b2c2-flexcop-pci.o
496;enternow_pci.o
497;bitmap.o
498;hid-microsoft.o
499;evglock.o
500;lm78.o
501;ide-cs.o
502;hdpvr-i2c.o
503;ibmasm.o
504;pata_cs5536.o
505;ide-eh.o
506;mthca_provider.o
507;i2o_scsi.o
508;ib_mad.o
509;devres.o
510;sparse-keymap.o
511;ide-disk_ioctl.o
512;vmt.o
513;hid-lgff.o
514;ipacx.o
515;lm90.o
516;rc-msi-tvanywhere.o
517;mantis_cards.o
518;pata_sc1200.o
519;dibusb-mb.o
520;usbtouchscreen.o
521;xpad.o
522;ieee1284.o
523;ttm_tt.o
524;nmi_timer_int.o
525;cobra.o
526;friio.o
527;i915_gem_execbuffer.o
528;lm8323.o
529;pata_triflex.o
530;capidrv.o
531;drm_crtc.o
532;dm-log-userspace.o
533;p4-clockmod.o
534;evxfgpe.o
535;capidtmf.o
536;gspca_spca506.o
537;hfc_2bds0.o
538;drm_global.o
539;cx18-queue.o
540;mptbase.o
541;nv04_fbcon.o
542;command.o
543;vc032x.o
544;drm_drv.o
545;memstick.o
546;parkbd.o
547;dvb-usb-af9005.o
548;rc-rc6-mce.o
549;nouveau_ramht.o
550;c4.o
551;geode-aes.o
552;nand_base.o
553;c2.o
554;nsload.o
555;os_4bri.o
556;rc-kworld-315u.o
557;callc.o
558;i3200_edac.o
559;gl860.o
560;pata_atiixp.o
561;radeon_gem.o
562;et61x251_core.o
563;rc-imon-pad.o
564;exdebug.o
565;gspca_mars.o
566;diskonchip.o
567;nv04_crtc.o
568;i2c-boardinfo.o
569;dm-io.o
570;hysdn_procconf.o
571;memmap.o
572;exregion.o
573;i810.o
574;dm-queue-length.o
575;psscope.o
576;ir-raw.o
577;dm-zero.o
578;b2c2-flexcop.o
579;mthca_profile.o
580;stv0900_sw.o
581;zc3xx.o
582;eeti_ts.o
583;amd-k7-agp.o
584;ttm_page_alloc.o
585;drm_encoder_slave.o
586;mthca_catas.o
587;callbacks.o
588;digitv.o
589;raid5.o
590;leds-pca955x.o
591;kcapi.o
592;sx8.o
593;tc86c001.o
594;i915_debugfs.o
595;b1pcmcia.o
596;arcofi.o
597;ad7877.o
598;netjet.o
599;isac.o
600;speedstep-smi.o
601;host.o
602;wm97xx-core.o
603;bas-gigaset.o
604;stv06xx_pb0100.o
605;cx23885-ir.o
606;i2c-algo-pca.o
607;i915_mem.o
608;pci.o
609;dm-kcopyd.o
610;map_funcs.o
611;nouveau_connector.o
612;i915_drv.o
613;dm-log-userspace-transfer.o
614;dadapter.o
615;via_drv.o
616;sysfs.o
617;rc-lirc.o
618;amd7930_fn.o
619;tlclk.o
620;radeon_legacy_tv.o
621;sleep.o
622;debugfs.o
623;libata-acpi.o
624;rc-terratec-slim-2.o
625;srq.o
626;w83l786ng.o
627;twidjoy.o
628;af9005-remote.o
629;radio-mr800.o
630;inftlmount.o
631;va1j5jf8007s.o
632;smsmdtv.o
633;i5000_edac.o
634;dsfield.o
635;pci-driver.o
636;fmr_pool.o
637;pata_cs5530.o
638;cfi_cmdset_0002.o
639;cx24110.o
640;rc-dntv-live-dvb-t.o
641;bttv-gpio.o
642;ppdev.o
643;net.o
644;i915_gem_gtt.o
645;nftlmount.o
646;ssfdc.o
647;nvram.o
648;inport.o
649;radeon_display.o
650;drm_cache.o
651;ati_pcigart.o
652;drm_dma.o
653;battery.o
654;powernow-k7.o
655;dma.o
656;ser-gigaset.o
657;transport_class.o
658;stb6000.o
659;acpi_pcihp.o
660;hid-logitech.o
661;dm-snap-transient.o
662;i2o_config.o
663;utcopy.o
664;main.o
665;cpufreq_ondemand.o
666;eeprom_93cx6.o
667;nxt6000.o
668;isl6421.o
669;iwmc3200top.o
670;c2_ae.o
671;l1oip_core.o
672;teles3.o
673;rsxface.o
674;isl29003.o
675;dvb_frontend.o
676;nvc0_fifo.o
677;cpufreq_performance.o
678;l3dss1.o
679;via_mm.o
680;btmrvl_main.o
681;zl10353.o
682;utxferror.o
683;paride.o
684;dvb-usb-dtt200u.o
685;mantis_ca.o
686;it8213.o
687;pf.o
688;leds-dac124s085.o
689;dm-service-time.o
690;tifm_sd.o
691;stb0899.o
692;built-in.o
693;rc-avermedia-rm-ks.o
694;nes_utils.o
695;drxk_hard.o
696;stack.o
697;gspca_spca508.o
698;ce6230.o
699;cx23885-f300.o
700;ide-pnp.o
701;atombios_dp.o
702;m25p80.o
703;ali-agp.o
704;bus.o
705;mxl5005s.o
706;hfc_usb.o
707;pvrusb2-audio.o
708;r300.o
709;hid-sony.o
710;random.o
711;w83792d.o
712;init.o
713;mga_drv.o
714;excreate.o
715;raid0.o
716;tda18212.o
717;cfi_util.o
718;tbxfroot.o
719;ide.o
720;sdhci-pltfm.o
721;dsp_audio.o
722;i2c-ali1563.o
723;rc-msi-digivox-iii.o
724;r128_drv.o
725;serport.o
726;jedec_probe.o
727;cpufreq_conservative.o
728;via_dma.o
729;processor_throttling.o
730;rc-imon-mce.o
731;i2c-parport-light.o
732;dvb-usb-dibusb-common.o
733;cx22700.o
734;dib7000p.o
735;aten.o
736;dca-core.o
737;mt20xx.o
738;dqueue.o
739;budget-av.o
740;pvrusb2-std.o
741;fakehard.o
742;dvb-usb-umt-010.o
743;synaptics.o
744;b1pci.o
745;rc-ati-x10.o
746;cd-gpio.o
747;oprof.o
748;dm-mpath.o
749;sata_sis.o
750;dvo_sil164.o
751;psparse.o
752;cpufreq_stats.o
753;btmrvl_sdio.o
754;b1isa.o
755;rc-lme2510.o
756;cpqphp_ctrl.o
757;driver.o
758;drm_context.o
759;gen_probe.o
760;module.o
761;ads7828.o
762;m5602_po1030.o
763;tpm_infineon.o
764;ns558.o
765;via_verifier.o
766;built-in.o
767;nouveau_bo.o
768;itd1000.o
769;nv50_dac.o
770;bus-osm.o
771;gpiolib.o
772;vp702x.o
773;drm_auth.o
774;sd_ops.o
775;tdfx.o
776;au0828-cards.o
777;upd.o
778;mxl5007t.o
779;em28xx.o
780;lguest_user.o
781;reboot.o
782;rc-budget-ci-old.o
783;nsxfobj.o
784;divacapi.o
785;sunplus.o
786;stv0299.o
787;ide-taskfile.o
788;rc-nebula.o
789;xd.o
790;avm_cs.o
791;pcips2.o
792;tda18271-fe.o
793;exnames.o
794;saa7146_i2c.o
795;radeon_atombios.o
796;diva.o
797;com20020.o
798;regmap.o
799;nv50_grctx.o
800;diva.o
801;stv0900.o
802;sata_uli.o
803;radio-tea5764.o
804;mr97310a.o
805;hangcheck-timer.o
806;dvb-usb-dibusb-mc.o
807;rc-iodata-bctv7e.o
808;drm_lock.o
809;grip.o
810;ide-io.o
811;qt1010.o
812;ledtrig-backlight.o
813;pcf50633-core.o
814;iw_c2.o
815;dswload.o
816;quirks.o
817;nv04_cursor.o
818;loopback.o
819;ipmi_si.o
820;dot_command.o
821;adm9240.o
822;s0box.o
823;nv17_tv_modes.o
824;gspca_sq905c.o
825;mtdblock_ro.o
826;t1isa.o
827;dvb_math.o
828;lm92.o
829;gspca_stk014.o
830;dma_v3.o
831;warrior.o
832;drm_stub.o
833;libata-sff.o
834;drbd_strings.o
835;bcm3510.o
836;ide-dma-sff.o
837;tda18218.o
838;utosi.o
839;ds1621.o
840;ct82c710.o
841;isoch.o
842;pcd.o
843;isdn_ppp.o
844;rsmisc.o
845;clock.o
846;hid-petalynx.o
847;drm_bufs.o
848;isdn.o
849;di.o
850;uinput.o
851;lm87.o
852;iforce-usb.o
853;radeon_acpi.o
854;dsutils.o
855;cx18-audio.o
856;iforce-ff.o
857;dm-multipath.o
858;rc-flydvb.o
859;ipoib_main.o
860;dsinit.o
861;dss1_divert.o
862;dibusb-common.o
863;atom.o
864;ltpc.o
865;fschmd.o
866;cb710-mmc.o
867;radio-si470x-usb.o
868;dvo_ch7xxx.o
869;asyncdata.o
870;dm-exception-store.o
871;nv50_sor.o
872;friq.o
873;mic.o
874;iwch_ev.o
875;cx18-av-vbi.o
876;anysee.o
877;radeon_fence.o
878;dib0070.o
879;cx231xx-video.o
880;netsc520.o
881;cx18-av-core.o
882;ff-memless.o
883;ide-io-std.o
884;rc-videomate-m1f.o
885;bttv.o
886;sata_sil.o
887;mantis_hif.o
888;drm_memory.o
889;aoe.o
890;onenand_sim.o
891;isdn_tty.o
892;mptctl.o
893;cm4000_cs.o
894;cx231xx-audio.o
895;intel_opregion.o
896;cx88-blackbird.o
897;nv50_fifo.o
898;radeon_semaphore.o
899;intel_dp.o
900;drxd.o
901;w83793.o
902;wakeup.o
903;s_bri.o
904;remote.o
905;3780i.o
906;tda10048.o
907;intel_lvds.o
908;uPD98402.o
909;isdn_x25iface.o
910;nouveau_irq.o
911;nouveau_gem.o
912;rs690.o
913;cm.o
914;shpchp_core.o
915;st5481_init.o
916;core-iso.o
917;bus.o
918;dm-target.o
919;cxd2820r.o
920;tda18271.o
921;serio_raw.o
922;c2_alloc.o
923;hid-lg2ff.o
924;evxfevnt.o
925;rc-asus-pc39.o
926;mthca_cq.o
927;rc-main.o
928;hwpci.o
929;ipoib_fs.o
930;guillemot.o
931;smi.o
932;nes.o
933;hscx.o
934;via686a.o
935;timer_int.o
936;hwxface.o
937;dsobject.o
938;ftl.o
939;pci_root.o
940;ttm_bo_vm.o
941;htcpen.o
942;mptfc.o
943;dtt200u-fe.o
944;iforce.o
945;i2c-parport.o
946;leds-net48xx.o
947;interrupts_and_traps.o
948;i915_irq.o
949;iscsi_iser.o
950;sis5595.o
951;mthca_cmd.o
952;ir-mce_kbd-decoder.o
953;nouveau_pm.o
954;radeon_test.o
955;ieee1284_ops.o
956;speedstep-ich.o
957;hisax_isac.o
958;fan.o
959;av7110_ir.o
960;padlock-aes.o
961;dma_v2.o
962;ib_ipoib.o
963;freq_table.o
964;divert_procfs.o
965;rc-anysee.o
966;rc-avermedia.o
967;sa_query.o
968;intel_crt.o
969;btmrvl_debugfs.o
970;dm-log.o
971;dvb-usb-dtv5100.o
972;sis.o
973;m5602_ov9650.o
974;mmc_ops.o
975;nouveau_perf.o
976;dswload2.o
977;dvb-usb-au6610.o
978;dm-path-selector.o
979;drm_platform.o
980;cxio_hal.o
981;sm501.o
982;lm75.o
983;ladder.o
984;ir-sony-decoder.o
985;hisax_st5481.o
986;sonixj.o
987;nv50_gpio.o
988;nsrepair.o
989;lm85.o
990;drm_trace_points.o
991;processor_perflib.o
992;regcache-rbtree.o
993;wm8400-core.o
994;nv40_pm.o
995;tbfadt.o
996;tpm.o
997;uverbs_marshall.o
998;os_pri.o
999;connector.o
1000;cpufreq-nforce2.o
1001;radeon_mem.o
1002;ix1_micro.o
1003;led-class.o
1004;dmxdev.o
1005;hycapi.o
1006;vp702x-fe.o
1007;nftl.o
1008;sbs.o
1009;nv50_crtc.o
1010;psopcode.o
1011;sata_via.o
1012;scx200_gpio.o
1013;gtco.o
1014;tda8261.o
1015;dvb-usb-dvb.o
1016;hdpvr-video.o
1017;fsm.o
1018;ide-lib.o
1019;dvb-pll.o
1020;pmc551.o
1021;rscalc.o
1022;divasfunc.o
1023;pvrusb2-hdw.o
1024;adt7470.o
1025;nv50_vm.o
1026;mantis.o
1027;mantis_core.o
1028;dvb_ca_en50221.o
1029;ir-jvc-decoder.o
1030;btusb.o
1031;nv04_pm.o
1032;edss1.o
1033;regcache-lzo.o
1034;ar7part.o
1035;mantis_uart.o
1036;gspca_sn9c20x.o
1037;cx23885.o
1038;bfusb.o
1039;b2c2-flexcop-usb.o
1040;hysdn_net.o
1041;dtv5100.o
1042;lpddr_cmds.o
1043;ipmi_si_intf.o
1044;ktti.o
1045;segments.o
1046;i2o_proc.o
1047;iwch_cm.o
1048;dvb-usb-dib0700.o
1049;iw_cm.o
1050;cx18-dvb.o
1051;debug.o
1052;mantis_evm.o
1053;rc-encore-enltv-fm53.o
1054;cx88-video.o
1055;irq.o
1056;nv10_graph.o
1057;phram.o
1058;rc-digitalnow-tinytwin.o
1059;pata_atp867x.o
1060;rc-tevii-nec.o
1061;processor_driver.o
1062;mtdoops.o
1063;smsir.o
1064;smapi.o
1065;leds-pca9532.o
1066;radeon_combios.o
1067;radeon_legacy_encoders.o
1068;hid-sunplus.o
1069;virtio_console.o
1070;i2c-pca-platform.o
1071;i2c-amd756.o
1072;tpm_nsc.o
1073;au0828.o
1074;cpci_hotplug_core.o
1075;libata.o
1076;dm-round-robin.o
1077;iwch_provider.o
1078;mthca_memfree.o
1079;rc-gadmei-rm008z.o
1080;dvb-usb-nova-t-usb2.o
1081;ff-core.o
1082;ad7879.o
1083;cx23885-av.o
1084;pata_amd.o
1085;kernelcapi.o
1086;mptsas.o
1087;regcache.o
1088;sysfs.o
1089;dm-mirror.o
1090;dvb-bt8xx.o
1091;hci_uart.o
1092;dvb-usb-cinergyT2.o
1093;dtl1_cs.o
1094;core-cdev.o
1095;nv84_bsp.o
1096;umt-010.o
1097;hypercalls.o
1098;core.o
1099;leds-clevo-mail.o
1100;cfi_cmdset_0001.o
1101;nand_bbt.o
1102;mISDNisar.o
1103;sdio.o
1104;lanai.o
1105;dm.o
1106;mantis_pcmcia.o
1107;cx88xx.o
1108;rng-core.o
1109;au0828-core.o
1110;utlock.o
1111;i2c-via.o
1112;smsusb.o
1113;core-card.o
1114;rc-medion-x10.o
1115;c2_vq.o
1116;cb710.o
1117;nsutils.o
1118;drbd.o
1119;access.o
1120;sdio_uart.o
1121;mthca_mr.o
1122;parport_pc.o
1123;rc-pinnacle-grey.o
1124;c2port-duramar2150.o
1125;radeon_gart.o
1126;ledtrig-timer.o
1127;pci_hotplug_core.o
1128;eni.o
1129;dca-sysfs.o
1130;proc.o
1131;c2_cm.o
1132;dvb-usb-ttusb2.o
1133;dca.o
1134;nouveau_dp.o
1135;sq905c.o
1136;built-in.o
1137;radeon_state.o
1138;nova-t-usb2.o
1139;aoedev.o
1140;cache.o
1141;ib_srp.o
1142;gspca_spca501.o
1143;nouveau_dma.o
1144;frpw.o
1145;dib8000.o
1146;ibmasmfs.o
1147;dvb-usb-urb.o
1148;cx231xx-dvb.o
1149;gspca_finepix.o
1150;ttm_module.o
1151;rc-videomate-s350.o
1152;platform.o
1153;sata_sx4.o
1154;pktcdvd.o
1155;smsc47b397.o
1156;leds-wrap.o
1157;spca508.o
1158;cfi_probe.o
1159;dvb-usb-af9015.o
1160;rc-proteus-2309.o
1161;rc-hauppauge.o
1162;ch7006_drv.o
1163;bus.o
1164;lguest_device.o
1165;aoemain.o
1166;qinfo_probe.o
1167;nv50_calc.o
1168;applesmc.o
1169;cx18-irq.o
1170;iwch_mem.o
1171;ucma.o
1172;ati_remote2.o
1173;sportster.o
1174;i8k.o
1175;i2o_core.o
1176;nes_cm.o
1177;r128_cce.o
1178;vgaarb.o
1179;icn.o
1180;scx200_hrt.o
1181;tda9887.o
1182;utalloc.o
1183;probe.o
1184;cx23885-input.o
1185;pcf8591.o
1186;psutils.o
1187;adm1029.o
1188;nv40_fifo.o
1189;i915_gem.o
1190;built-in.o
1191;si21xx.o
1192;atmtcp.o
1193;proc.o
1194;flexcop-i2c.o
1195;gspca_pac7311.o
1196;bcm5974.o
1197;cxusb.o
1198;dvb-usb-gp8psk.o
1199;nv50_evo.o
1200;ib_mthca.o
1201;dvb-usb-friio.o
1202;mantis_vp3030.o
1203;cpia2_v4l.o
1204;nbd.o
1205;cpia2.o
1206;gspca_pac207.o
1207;fore200e.o
1208;evregion.o
1209;hid-ezkey.o
1210;cx88-i2c.o
1211;lm63.o
1212;cx88-dvb.o
1213;nv04_display.o
1214;generic.o
1215;block.o
1216;inftl.o
1217;appletouch.o
1218;built-in.o
1219;ubi.o
1220;mthca_mad.o
1221;isdn_net.o
1222;pata_efar.o
1223;rc-total-media-in-hand.o
1224;acecad.o
1225;utmutex.o
1226;hfc_2bs0.o
1227;powermate.o
1228;fujitsu_ts.o
1229;hid-belkin.o
1230;pc87360.o
1231;cx23885-i2c.o
1232;saa7146_hlp.o
1233;nvc0_grctx.o
1234;isdn_common.o
1235;adummy.o
1236;rc-streamzap.o
1237;rc-manli.o
1238;search.o
1239;ibmphp_hpc.o
1240;wacom_sys.o
1241;drm_vm.o
1242;ide-core.o
1243;w83791d.o
1244;cx24123.o
1245;via-sdmmc.o
1246;cq.o
1247;tua6100.o
1248;hid-wacom.o
1249;intel_sprite.o
1250;speedstep-centrino.o
1251;emu10k1-gp.o
1252;ivtv-controls.o
1253;evgpeinit.o
1254;sn9c20x.o
1255;nouveau_mxm.o
1256;stv0367.o
1257;radeon_irq_kms.o
1258;cx18-mailbox.o
1259;nes_verbs.o
1260;rc-pctv-sedna.o
1261;core-transaction.o
1262;wacom.o
1263;raid456.o
1264;max1619.o
1265;dmi_scan.o
1266;pata_cs5520.o
1267;he.o
1268;asuscom.o
1269;dibusb-mc.o
1270;diva_didd.o
1271;utids.o
1272;nouveau_temp.o
1273;avm_a1p.o
1274;ec.o
1275;dm-region-hash.o
1276;drm_sysfs.o
1277;intel_bios.o
1278;divas.o
1279;wistron_btns.o
1280;drm.o
1281;ttm_object.o
1282;serio.o
1283;stv06xx_st6422.o
1284;mthca_srq.o
1285;nv30_fb.o
1286;bus.o
1287;nv10_fb.o
1288;m5602_mt9m111.o
1289;sonixb.o
1290;t613.o
1291;w83781d.o
1292;iser_initiator.o
1293;pd.o
1294;map_ram.o
1295;nv50_instmem.o
1296;i2c-nforce2-s4985.o
1297;blacklist.o
1298;processor_core.o
1299;misc.o
1300;bttv-vbi.o
1301;rc-msi-digivox-ii.o
1302;wbsd.o
1303;cx23885-dvb.o
1304;processor.o
1305;saa7146_fops.o
1306;evgpeutil.o
1307;nv04_graph.o
1308;s_4bri.o
1309;libps2.o
1310;m920x.o
1311;i82860_edac.o
1312;gunze.o
1313;mantis_vp2040.o
1314;rc-azurewave-ad-tu700.o
1315;driver.o
1316;nvs.o
1317;cx231xx-avcore.o
1318;af9015.o
1319;pata_ns87415.o
1320;processor_idle.o
1321;cm109.o
1322;mmc_core.o
1323;nv40_mc.o
1324;switcher_32.o
1325;debugfs.o
1326;doc2001.o
1327;cpqphp_pci.o
1328;ah.o
1329;mantis_dma.o
1330;speedstep-lib.o
1331;kbic.o
1332;built-in.o
1333;radeon_ring.o
1334;page_tables.o
1335;radeon_clocks.o
1336;cx88-tvaudio.o
1337;pluto2.o
1338;mr.o
1339;ledtrig-default-on.o
1340;intel_overlay.o
1341;edac_mc.o
1342;parport_cs.o
1343;pcf50633.o
1344;cx18-cards.o
1345;sysfs.o
1346;ttm_execbuf_util.o
1347;core.o
1348;t1pci.o
1349;hysdn.o
1350;main.o
1351;rc-technisat-usb2.o
1352;cx25840.o
1353;mantis_vp1033.o
1354;dvb-usb-a800.o
1355;opencores-kbd.o
1356;radeon_fb.o
1357;sc.o
1358;ipmi_poweroff.o
1359;devtmpfs.o
1360;abituguru.o
1361;hpilo.o
1362;r600.o
1363;radeon_asic.o
1364;cs5535.o
1365;i2c-sis630.o
1366;rc-pixelview-002t.o
1367;ide-iops.o
1368;module.o
1369;ir-sanyo-decoder.o
1370;drm_irq.o
1371;mmc_block.o
1372;r128.o
1373;arcnet.o
1374;dstr.o
1375;ib_addr.o
1376;intel-agp.o
1377;gspca_mr97310a.o
1378;sata_svw.o
1379;adm1031.o
1380;mlx4_ib.o
1381;b1.o
1382;i915_suspend.o
1383;scan.o
1384;spca501.o
1385;powernow-k8.o
1386;on26.o
1387;conex.o
1388;nouveau_acpi.o
1389;hid-core.o
1390;cm4040_cs.o
1391;cx23885-video.o
1392;wacom_wac.o
1393;cx18-i2c.o
1394;runtime.o
1395;sdio_ops.o
1396;i2c-pca-isa.o
1397;nouveau_fbcon.o
1398;rs400.o
1399;device.o
1400;coretemp.o
1401;sbc_gxx.o
1402;dvb-usb-af9005-remote.o
1403;ivtv-cards.o
1404;slot.o
1405;budget-patch.o
1406;sd.o
1407;pcihp_slot.o
1408;lightning.o
1409;dib3000mb.o
1410;stv06xx_hdcs.o
1411;mantis_ioc.o
1412;hid-dr.o
1413;hifn_795x.o
1414;cpuidle.o
1415;processor_thermal.o
1416;adp5588-keys.o
1417;regmap-debugfs.o
1418;zl10036.o
1419;gp8psk.o
1420;mtd_dataflash.o
1421;rc-purpletv.o
1422;r82600_edac.o
1423;i2c-dev.o
1424;queue.o
1425;i2o_block.o
1426;built-in.o
1427;ide-disk_proc.o
1428;ohci.o
1429;saa7146_vv.o
1430;nouveau_vm.o
1431;rc-avermedia-m733a-rm-k6.o
1432;divamnt.o
1433;capifunc.o
1434;kcapi_proc.o
1435;iscsi_ibft_find.o
1436;scx200_docflash.o
1437;nouveau_ttm.o
1438;mtdconcat.o
1439;nouveau_object.o
1440;layer2.o
1441;r520.o
1442;niccy.o
1443;rc-dntv-live-dvbt-pro.o
1444;utobject.o
1445;tv8532.o
1446;opera1.o
1447;mthca_eq.o
1448;sata_qstor.o
1449;magellan.o
1450;aoecmd.o
1451;si4713-i2c.o
1452;mt2266.o
1453;smscoreapi.o
1454;r_heartbeat.o
1455;Space.o
1456;exresnte.o
1457;ipoib_cm.o
1458;dm-log-userspace-base.o
1459;istream.o
1460;rscreate.o
1461;built-in.o
1462;message.o
1463;built-in.o
1464;tsl2550.o
1465;r600_cs.o
1466;mt312.o
1467;dvo_tfp410.o
1468;ide-dma.o
1469;uverbs_cmd.o
1470;ipmi_kcs_sm.o
1471;i2o_bus.o
1472;touchit213.o
1473;i2c-piix4.o
1474;ipmi_bt_sm.o
1475;em28xx-video.o
1476;ib_sa.o
1477;iscsi_ibft.o
1478;kbtab.o
1479;nv20_graph.o
1480;sdio_cis.o
1481;hisax_fcpcipnp.o
1482;built-in.o
1483;e7xxx_edac.o
1484;dvb-usb-m920x.o
1485;acpi_pm.o
1486;mtd.o
1487;capimain.o
1488;dw2102.o
1489;dvo_ch7017.o
1490;ib_umad.o
1491;pciehp_ctrl.o
1492;st5481_usb.o
1493;tifm_ms.o
1494;dsp_hwec.o
1495;cx88-alsa.o
1496;nv04_fifo.o
1497;isdn_bsdcomp.o
1498;earth-pt1.o
1499;cxd2820r_c.o
1500;a3d.o
1501;thmc50.o
1502;smsdvb.o
1503;atbm8830.o
1504;inexio.o
1505;act2000_isa.o
1506;ipmi_devintf.o
1507;au0828-vbi.o
1508;sgbuf2.o
1509;xc4000.o
1510;ide-park.o
1511;built-in.o
1512;dst.o
1513;io.o
1514;mtdpart.o
1515;rc-msi-tvanywhere-plus.o
1516;class.o
1517;module.o
1518;a8293.o
1519;i2c-ali1535.o
1520;drm_agpsupport.o
1521;i915_gem_tiling.o
1522;rc-flyvideo.o
1523;dvb-usb-cxusb.o
1524;max2165.o
1525;cx88-dsp.o
1526;input-core.o
1527;mc44s803.o
1528;rc-leadtek-y04g0051.o
1529;virtio_blk.o
1530;ide-disk.o
1531;gx-suspmod.o
1532;radeon_irq.o
1533;cn.o
1534;jade.o
1535;hfcsusb.o
1536;cx88-cards.o
1537;share.o
1538;cx18-driver.o
1539;mantis_dvb.o
1540;mga_state.o
1541;rc-videomate-tv-pvr.o
1542;logibm.o
1543;isdnl2.o
1544;l1oip_codec.o
1545;mperf.o
1546;tbfind.o
1547;pata_ns87410.o
1548;i5100_edac.o
1549;message.o
1550;nv04_dfp.o
1551;evxfregn.o
1552;procfs.o
1553;yealink.o
1554;virtio-rng.o
1555;drbd_actlog.o
1556;i8253.o
1557;drbd_worker.o
1558;acpi-cpufreq.o
1559;nv50_cursor.o
1560;acpiphp_core.o
1561;geode-rng.o
1562;nv50_mpeg.o
1563;mptscsih.o
1564;pg.o
1565;nv50_vram.o
1566;parport_serial.o
1567;uteval.o
1568;horizon.o
1569;isdn_audio.o
1570;it8172.o
1571;hid-gyration.o
1572;stinger.o
1573;drm_hashtab.o
1574;iser_memory.o
1575;teleint.o
1576;built-in.o
1577;lgdt3305.o
1578;divasi.o
1579;ioatdma.o
1580;gl860-ov9655.o
1581;mem.o
1582;dm-crypt.o
1583;ltc4215.o
1584;ibmaem.o
1585;sis_mm.o
1586;r600_blit.o
1587;rv515.o
1588;isa.o
1589;linear.o
1590;exstore.o
1591;ide-proc.o
1592;amd76x_edac.o
1593;device.o
1594;cx18-video.o
1595;flexcop-hw-filter.o
1596;budget.o
1597;rs600.o
1598;dswstate.o
1599;idt77252.o
1600;dmi-id.o
1601;dvb-usb-digitv.o
1602;radeon_kms.o
1603;oprofile_files.o
1604;tda18271c2dd.o
1605;flexcop-pci.o
1606;nouveau_display.o
1607;rc-em-terratec.o
1608;evgpe.o
1609;pata_sil680.o
1610;gspca_spca505.o
1611;adm1021.o
1612;cx25840-ir.o
1613;stowaway.o
1614;stv6110.o
1615;cxio_resource.o
1616;ttusbdecfe.o
1617;drbd_bitmap.o
1618;dmaengine.o
1619;nsinit.o
1620;pci_bind.o
1621;common.o
1622;bttv-if.o
1623;dsmethod.o
1624;cx88-core.o
1625;iforce-packets.o
1626;drm_buffer.o
1627;dm1105.o
1628;tei.o
1629;spaceorb.o
1630;osdblk.o
1631;evergreen_blit_kms.o
1632;com90xx.o
1633;cx23885-vbi.o
1634;hfcscard.o
1635;hid-lg4ff.o
1636;ivtv-i2c.o
1637;gp8psk-fe.o
1638;wacom_w8001.o
1639;firewire-core.o
1640;mce_amd.o
1641;gl860-mi1320.o
1642;gspca_sunplus.o
1643;nand_ecc.o
1644;com20020-pci.o
1645;nouveau_i2c.o
1646;pcspkr.o
1647;sis-agp.o
1648;raw.o
1649;hiddev.o
1650;ttm_agp_backend.o
1651;tda18271-common.o
1652;mtdcore.o
1653;nsaccess.o
1654;driver.o
1655;smsc47m1.o
1656;cpia2_usb.o
1657;tda10071.o
1658;setup-res.o
1659;spca505.o
1660;em28xx-vbi.o
1661;rc-twinhan1027.o
1662;iforce-main.o
1663;radeon_connectors.o
1664;nv50_fb.o
1665;libata-transport.o
1666;tbutils.o
1667;exconvrt.o
1668;diddfunc.o
1669;md-mod.o
1670;cx18.o
1671;utmath.o
1672;gspca_spca500.o
1673;netup-eeprom.o
1674;ide-floppy.o
1675;ch7006.o
1676;plat-ram.o
1677;nand.o
1678;nouveau_state.o
1679;ide-cd_verbose.o
1680;drxk.o
1681;power.o
1682;r200.o
1683;pcf50633-input.o
1684;pcf50633-gpio.o
1685;cx88-vbi.o
1686;dd.o
1687;gspca_sq905.o
1688;gspca_ov534.o
1689;em28xx-cards.o
1690;mb86a16.o
1691;slram.o
1692;cx25840-core.o
1693;vt8231.o
1694;nva3_copy.o
1695;jmb38x_ms.o
1696;pvrusb2-encoder.o
1697;libata-core.o
1698;radeon_cp.o
1699;backend.o
1700;i2c-smbus.o
1701;leds-lp3944.o
1702;iwch_qp.o
1703;exconfig.o
1704;sidewinder.o
1705;onenand_base.o
1706;pvrusb2-main.o
1707;ttusb_dec.o
1708;syscore.o
1709;bt3c_cs.o
1710;sp8870.o
1711;mfd-core.o
1712;nettel.o
1713;rc-digittrade.o
1714;tda10086.o
1715;usb-gigaset.o
1716;nouveau_backlight.o
1717;mthca_main.o
1718;wm97xx-ts.o
1719;nouveau_gpio.o
1720;rc-kworld-plus-tv-analog.o
1721;l64781.o
1722;max6650.o
1723;iwch.o
1724;dsp_dtmf.o
1725;radeon_i2c.o
1726;isdnl1.o
1727;mthca_pd.o
1728;multicast.o
1729;isl6423.o
1730;dm-raid1.o
1731;newtonkbd.o
1732;radeon_pm.o
1733;mantis_vp2033.o
1734;tda826x.o
1735;isdn_v110.o
1736;mthca_uar.o
1737;gspca_jeilinj.o
1738;button.o
1739;tei.o
1740;faulty.o
1741;capilib.o
1742;k8temp.o
1743;diva_dma.o
1744;cx22702.o
1745;nes_hw.o
1746;hid-pidff.o
1747;ide-gd.o
1748;synaptics_i2c.o
1749;ttm_lock.o
1750;ib_uverbs.o
1751;capiutil.o
1752;ni.o
1753;doorbell.o
1754;hopper_vp3028.o
1755;dibx000_common.o
1756;acpiphp_glue.o
1757;i2c-stub.o
1758;drm_proc.o
1759;efficeon-agp.o
1760;radio-i2c-si470x.o
1761;wm9712.o
1762;cx88-vp3054-i2c.o
1763;tmp421.o
1764;pvrusb2-v4l2.o
1765;vt1211.o
1766;ide-sysfs.o
1767;hid-monterey.o
1768;evsci.o
1769;sentelic.o
1770;cpu.o
1771;flexcop-eeprom.o
1772;exutils.o
1773;brd.o
1774;sdhci.o
1775;em28xx-dvb.o
1776;fw-download.o
1777;iphase.o
1778;pcf50633-irq.o
1779;nv17_tv.o
1780;sedlbauer.o
1781;scan.o
1782;nv50_display.o
1783;elo.o
1784;isdn_concap.o
1785;bpa10x.o
1786;docecc.o
1787;cx18-vbi.o
1788;saphir.o
1789;pci-sysfs.o
1790;nv04_dac.o
1791;cpqphp_sysfs.o
1792;cx18-firmware.o
1793;built-in.o
1794;dvo_ivch.o
1795;ivtv-fileops.o
1796;db9.o
1797;i5400_edac.o
1798;gspca_spca561.o
1799;sdhci-pci.o
1800;w6692.o
1801;pata_marvell.o
1802;dsp_blowfish.o
1803;cx23885-alsa.o
1804;nsparse.o
1805;nicstar.o
1806;tda665x.o
1807;cx25840-firmware.o
1808;radio-usb-si470x.o
1809;drbd_receiver.o
1810;iovlock.o
1811;pvrusb2-eeprom.o
1812;pata_jmicron.o
1813;l3ni1.o
1814;i2c-taos-evm.o
1815;ds1682.o
1816;sdricoh_cs.o
1817;hid.o
1818;cpqphp_core.o
1819;umem.o
1820;ipddp.o
1821;ibmphp_pci.o
1822;rc-adstech-dvb-t-pci.o
1823;hid-logitech-dj.o
1824;nv04_mc.o
1825;braille_console.o
1826;sq905.o
1827;cx231xx-417.o
1828;tpm_tis.o
1829;i810_drv.o
1830;acpi_pad.o
1831;rfc1051.o
1832;idifunc.o
1833;c2_rnic.o
1834;st5481_d.o
1835;ide-pio-blacklist.o
1836;bttv-audio-hook.o
1837;pata_cmd64x.o
1838;cxd2820r_t.o
1839;flexcop-misc.o
1840;radeon_cs.o
1841;finepix.o
1842;core-device.o
1843;budget-core.o
1844;gspca_sonixb.o
1845;rc-dib0700-rc5.o
1846;cafe_nand.o
1847;pac7311.o
1848;nv04_tv.o
1849;cpu_buffer.o
1850;vsxxxaa.o
1851;c2_intr.o
1852;dvb-usb-anysee.o
1853;ibmpex.o
1854;em28xx-core.o
1855;at24.o
1856;pata_via.o
1857;cinergyT2-fe.o
1858;mISDNinfineon.o
1859;rfd_ftl.o
1860;cx23885-417.o
1861;cinergyT2-core.o
1862;hid-kye.o
1863;ata_generic.o
1864;lgs8gxx.o
1865;event.o
1866;ir-rc5-sz-decoder.o
1867;dm-snapshot.o
1868;wl.o
1869;libata-pmp.o
1870;built-in.o
1871;via-agp.o
1872;edac_mc_sysfs.o
1873;container.o
1874;avmfritz.o
1875;dm-sysfs.o
1876;ide-xfer-mode.o
1877;i82875p_edac.o
1878;drm_dp_i2c_helper.o
1879;mwavedd.o
1880;init.o
1881;core.o
1882;iforce-serio.o
1883;intel-rng.o
1884;packer.o
1885;intel_acpi.o
1886;pcbit.o
1887;intel-gtt.o
1888;pata_mpiix.o
1889;lm77.o
1890;nandsim.o
1891;utstate.o
1892;main.o
1893;parport_ax88796.o
1894;cxd2820r_t2.o
1895;savage_bci.o
1896;event_buffer.o
1897;hwmon-vid.o
1898;via_irq.o
1899;i2c-ali15x3.o
1900;dvb-core.o
1901;gamecon.o
1902;drm_ioctl.o
1903;agent.o
1904;pata_rz1000.o
1905;fore_200e.o
1906;fsm.o
1907;sil164.o
1908;radeon_object.o
1909;dsargs.o
1910;mad.o
1911;rc-encore-enltv2.o
1912;dsopcode.o
1913;i2c-sis5595.o
1914;gf2k.o
1915;mtouch.o
1916;osl.o
1917;iop.o
1918;frontend.o
1919;nv04_fb.o
1920;drm_pci.o
1921;rom.o
1922;tea5761.o
1923;synclink_cs.o
1924;ibmphp_core.o
1925;built-in.o
1926;drxd_hard.o
1927;intel_sdvo.o
1928;radeon_cursor.o
1929;nseval.o
1930;mga_irq.o
1931;au0828-i2c.o
1932;joydev.o
1933;evgpeblk.o
1934;intel_i2c.o
1935;nvc0_fbcon.o
1936;ati-agp.o
1937;nsc_gpio.o
1938;gl860-ov2640.o
1939;avma1_cs.o
1940;telespci.o
1941;bpck.o
1942;built-in.o
1943;dm-mod.o
1944;vp7045.o
1945;sata_sil24.o
1946;intel_vr_nor.o
1947;raid10.o
1948;cx231xx-core.o
1949;drm_kms_helper.o
1950;socket.o
1951;nj_u.o
1952;mspro_block.o
1953;evergreen.o
1954;scx200_i2c.o
1955;nouveau_volt.o
1956;dvb-usb-remote.o
1957;pata_oldpiix.o
1958;built-in.o
1959;elantech.o
1960;nv04_instmem.o
1961;doc2001plus.o
1962;lm93.o
1963;au6610.o
1964;ib_iser.o
1965;usbhid.o
1966;intel_hdmi.o
1967;mars.o
1968;nes_nic.o
1969;tsc2007.o
1970;pata_netcell.o
1971;evxface.o
1972;nv98_crypt.o
1973;suni.o
1974;radeon_ttm.o
1975;f71882fg.o
1976;sdio_bus.o
1977;rc-gotview7135.o
1978;hopper.o
1979;nouveau_fence.o
1980;radeon_legacy_crtc.o
1981;stb0899_drv.o
1982;toshiba.o
1983;ioctl.o
1984;i915_trace_points.o
1985;comm.o
1986;aoechr.o
1987;bttv-cards.o
1988;ads7846.o
1989;atkbd.o
1990;nes_mgt.o
1991;ttusb2.o
1992;dswscope.o
1993;drm_debugfs.o
1994;hid-input.o
1995;built-in.o
1996;powernow-k6.o
1997;phantom.o
1998;dock.o
1999;probe.o
2000;edac_module.o
2001;nouveau_hdmi.o
2002;ves1820.o
2003;tda10023.o
2004;tbxface.o
2005;ib_cm.o
2006;mtdblock.o
2007;built-in.o
2008;ivtv-ioctl.o
2009;dib0700_core.o
2010;flexcop-dma.o
2011;af9013.o
2012;exsystem.o
2013;mantis_vp1034.o
2014;drm_fb_helper.o
2015;vpd.o
2016;ud_header.o
2017;hwvalid.o
2018;s921.o
2019;hidraw.o
2020;bttv-driver.o
2021;leds-bd2802.o
2022;radeon_drv.o
2023;devres.o
2024;rc-alink-dtu-m.o
2025;dsp_tones.o
2026;pstree.o
2027;pata_rdc.o
2028;via-rng.o
2029;cx18-io.o
2030;nssearch.o
2031;mptspi.o
2032;nsxfname.o
2033;flexcop.o
2034;pci.o
2035;ib_ucm.o
2036;packet.o
2037;mtdchar.o
2038;built-in.o
2039;stv0288.o
2040;com90io.o
2041;lnbp21.o
2042;m5602_s5k83a.o
2043;map_rom.o
2044;hci_vhci.o
2045;evergreen_cs.o
2046;cs553x_nand.o
2047;dvb-usb-vp7045.o
2048;tda18271-maps.o
2049;command.o
2050;hid-debug.o
2051;chipreg.o
2052;map_absent.o
2053;longhaul.o
2054;utmisc.o
2055;mt352.o
2056;governor.o
2057;cn_queue.o
2058;act2000.o
2059;cx23885-core.o
2060;ide-tape.o
2061;atombios_encoders.o
2062;wm9705.o
2063;av7110_hw.o
2064;w6692.o
2065;hpt366.o
2066;dvb-ttpci.o
2067;mantis_input.o
2068;av7110_ipack.o
2069;interface.o
2070;gspca_tv8532.o
2071;ad7414.o
2072;hid-apple.o
2073;ioc4.o
2074;core.o
2075;hwsleep.o
2076;exfield.o
2077;gameport.o
2078;hysdn_init.o
2079;rc-snapstream-firefly.o
2080;hysdn_proclog.o
2081;utils.o
2082;pci_link.o
2083;s_pri.o
2084;tea5767.o
2085;cx18-controls.o
2086;dib0090.o
2087;setup-pci.o
2088;divert_init.o
2089;tmp401.o
2090;cdrom.o
2091;friio-fe.o
2092;built-in.o
2093;edac_device.o
2094;pci_slot.o
2095;nv40_fb.o
2096;buffer_sync.o
2097;kapi.o
2098;tda827x.o
2099;drm_mm.o
2100;pc87427.o
2101;nvc0_vram.o
2102;rc-nec-terratec-cinergy-xs.o
2103;pci_irq.o
2104;dswexec.o
2105;psmouse.o
2106;ambassador.o
2107;exoparg2.o
2108;nv50_graph.o
2109;budget-ci.o
2110;hfcpci.o
2111;menu.o
2112;savage_drv.o
2113;cx18-av-audio.o
2114;radeon_trace_points.o
2115;heartbeat.o
2116;rc-tbs-nec.o
2117;tp3780i.o
2118;evdev.o
2119;core.o
2120;video_detect.o
2121;r300_cmdbuf.o
2122;hci_h4.o
2123;lkkbd.o
2124;rc-pixelview-new.o
2125;s5h1409.o
2126;psxface.o
2127;isdnl3.o
2128;apanel.o
2129;f75375s.o
2130;epia.o
2131;dvb-ttusb-budget.o
2132;dm-snap-persistent.o
2133;utglobal.o
2134;r600_blit_kms.o
2135;gspca_ov519.o
2136;ahci.o
2137;sata_promise.o
2138;pciehp_core.o
2139;mb86a20s.o
2140;intel_panel.o
2141;common.o
2142;tdfx_drv.o
2143;trm290.o
2144;rc-tt-1500.o
2145;drbd_nl.o
2146;nouveau_hw.o
2147;pvrusb2-ctrl.o
2148;usb_gigaset.o
2149;intel_tv.o
2150;cpqarray.o
2151;va1j5jf8007t.o
2152;nouveau_sgdma.o
2153;s5h1411.o
2154;gl518sm.o
2155;event.o
2156;hid-a4tech.o
2157;bt878.o
2158;pc110pad.o
2159;tda8083.o
2160;cx18-streams.o
2161;module.o
2162;rc-avermedia-dvbt.o
2163;nv84_vp.o
2164;spca561.o
2165;cpia2_core.o
2166;usb-urb.o
2167;sysfs.o
2168;divasmain.o
2169;nvc0_fb.o
2170;timer.o
2171;aoeblk.o
2172;md.o
2173;lm95241.o
2174;hwacpi.o
2175;zatm.o
2176;rc-norwood.o
2177;rc-avermedia-a16d.o
2178;nouveau_mem.o
2179;drm_gem.o
2180;lpc_sch.o
2181;dell_rbu.o
2182;exprep.o
2183;nvc0_copy.o
2184;ide-floppy_ioctl.o
2185;rsaddr.o
2186;smsc47m192.o
2187;tda8290.o
2188;mad.o
2189;savage_state.o
2190;hpet.o
2191;i915_gem_evict.o
2192;intel_modes.o
2193;capi.o
2194;r600_audio.o
2195;tpm_atmel.o
2196;built-in.o
2197;sunkbd.o
2198;config-osm.o
2199;gspca_etoms.o
2200;timeriomem-rng.o
2201;hid-zpff.o
2202;dib3000mc.o
2203;ivtv-firmware.o
2204;i2c-scmi.o
2205;gigaset.o
2206;ir-rc5-decoder.o
2207;au0828-video.o
2208;ts5500_flash.o
2209;delkin_cb.o
2210;ipoib_verbs.o
2211;led-triggers.o
2212;os_bri.o
2213;opti621.o
2214;cimax2.o
2215;c2_pd.o
2216;dvb-usb-dw2102.o
2217;capi.o
2218;ata_piix.o
2219;cdev.o
2220;adt7475.o
2221;pc8736x_gpio.o
2222;mt2131.o
2223;nv10_fifo.o
2224;divasproc.o
2225;ide-devsets.o
2226;dma-mapping.o
2227;drbd_req.o
2228;via-cputemp.o
2229;pciehp_hpc.o
2230;mptlan.o
2231;rc-encore-enltv.o
2232;dvb-usb-opera.o
2233;edac_device_sysfs.o
2234;longrun.o
2235;mwave.o
2236;diva_idi.o
2237;exmutex.o
2238;remove.o
2239;gspca_sonixj.o
2240;hci_ll.o
2241;utaddress.o
2242;elsa.o
2243;nv10_gpio.o
2244;dm-linear.o
2245;radeon_sa.o
2246;interrupt.o
2247;built-in.o
2248;spaceball.o
2249;dvb-usb-ce6230.o
2250;utdecode.o
2251;com20020-isa.o
2252;i2c-ocores.o
2253;stv6110x.o
2254;avm_pci.o
2255;ltc4245.o
2256;ir-nec-decoder.o
2257;firewire-ohci.o
2258;dtlk.o
2259;teles0.o
2260;mthca_av.o
2261;lm83.o
2262;sbp2.o
2263;lowlevel.o
2264;drm_modes.o
2265;vp7045-fe.o
2266;dsmthdat.o
2267;firestream.o
2268;piix.o
2269;DAC960.o
2270;hid-ntrig.o
2271;cx231xx-pcb-cfg.o
2272;xtkbd.o
2273;rc-npgtech.o
2274;ir-lirc-codec.o
2275;lgdt330x.o
2276;diva_mnt.o
2277;ide-gd_mod.o
2278;nv31_mpeg.o
2279;map.o
2280;rfc1201.o
2281;cpufreq.o
2282;docprobe.o
2283;pci.o
2284;radeon_bios.o
2285;rc-dib0700-nec.o
2286;utresrc.o
2287;sonypi.o
2288;adm1026.o
2289;intel_dvo.o
2290;mtdram.o
2291;sc520cdp.o
2292;flexcop-fe-tuner.o
2293;rc-pixelview.o
2294;lirc_dev.o
2295;radeon_encoders.o
2296;doc2000.o
2297;netlink.o
2298;nv04_timer.o
2299;gazel.o
2300;eeprom.o
2301;oprofile_stats.o
2302;qos.o
2303;rc-powercolor-real-angel.o
2304;rc-pinnacle-pctv-hd.o
2305;rc-ati-tv-wonder-hd-600.o
2306;r128_irq.o
2307;logips2pp.o
2308;rc-terratec-cinergy-xs.o
2309;drv.o
2310;addr.o
2311;ov534.o
2312;asus_atk0110.o
2313;nftlcore.o
2314;ov519.o
2315;w83l785ts.o
2316;c2_mq.o
2317;intel_fb.o
2318;divadidd.o
2319;em28xx-alsa.o
2320;dm-stripe.o
2321;mISDNipac.o
2322;atombios_crtc.o
2323;uart.o
2324;pata_pdc2027x.o
2325;tmdc.o
2326;pt.o
2327;em28xx-i2c.o
2328;cx23885-ioctl.o
2329;i810_dma.o
2330;on20.o
2331;cx231xx-vbi.o
2332;evrgnini.o
2333;mthca_qp.o
2334;bttv-risc.o
2335;lm70.o
2336;spca500.o
2337;dvb-usb-firmware.o
2338;radeon_agp.o
2339;cpci_hotplug_pci.o
2340;flexcop-usb.o
2341;dtt200u.o
2342;iwch_cq.o
2343;flexcop-sram.o
2344;ide-generic.o
2345;qp.o
2346;hid-chicony.o
2347;s5h1420.o
2348;event.o
2349;i8042.o
2350;hci_bcsp.o
2351;sdio_io.o
2352;io.o
2353;m5602_ov7660.o
2354;av7110_av.o
2355;dvb_ringbuffer.o
2356;rc-cinergy-1400.o
2357;ad7879-i2c.o
2358;stb0899_algo.o
2359;user_mad.o
2360;psmouse-base.o
2361;libahci.o
2362;dib0700_devices.o
2363;r420.o
2364;ide-cd.o
2365;umem.o
2366;hid-gaff.o
2367;gspca.o
2368;smsendian.o
2369;bluecard_cs.o
2370;elsa_cs.o
2371;btsdio.o
2372;drbd_proc.o
2373;mad_rmpp.o
2374;av7110.o
2375;rc-winfast.o
2376;regmap-i2c.o
2377;em28xx-input.o
2378;mISDN_dsp.o
2379;pvrusb2-video-v4l.o
2380;dvb-usb-init.o
2381;ttpci-eeprom.o
2382;attribute_container.o
2383;acpi.o
2384;pvrusb2-devattr.o
